{"-12": 0.3172463768115942, "-10": 0.40159420289855075, "-8": 0.5031884057971014, "-6": 0.6086956521739131, "-4": 0.6926086956521739, "-2": 0.7720289855072464, "0": 0.8360869565217391, "2": 0.8736231884057971, "4": 0.9050724637681159, "6": 0.9184057971014493, "8": 0.9260869565217391, "10": 0.9388405797101449, "12": 0.947536231884058, "14": 0.9534782608695652, "16": 0.9494202898550724, "18": 0.9540579710144927, "20": 0.9547826086956521}