{"LFM": [51.0, 73.0, 92.0, 99.0, 99.0, 100.0, 100.0, 100.0, 100.0, 100.0, 100.0, 100.0, 100.0, 100.0, 100.0, 100.0, 100.0], "2FSK": [77.0, 91.0, 95.0, 99.0, 100.0, 99.0, 99.0, 100.0, 100.0, 99.0, 99.0, 100.0, 100.0, 99.0, 100.0, 99.0, 100.0], "4FSK": [17.0, 41.0, 64.0, 82.0, 88.0, 90.0, 95.0, 95.0, 95.0, 95.0, 94.0, 95.0, 97.0, 95.0, 97.0, 98.0, 98.0], "8FSK": [7.000000000000001, 18.0, 38.0, 52.0, 72.0, 82.0, 92.0, 96.0, 97.0, 98.0, 97.0, 99.0, 98.0, 98.0, 98.0, 98.0, 96.0], "Costas": [40.0, 38.0, 45.0, 59.0, 64.0, 80.0, 86.0, 95.0, 98.0, 98.0, 99.0, 100.0, 100.0, 100.0, 100.0, 100.0, 100.0], "2PSK": [19.0, 32.0, 45.0, 53.0, 67.0, 81.0, 92.0, 94.0, 97.0, 98.0, 99.0, 98.0, 100.0, 99.0, 98.0, 99.0, 98.0], "4PSK": [18.0, 22.0, 30.0, 38.0, 40.0, 43.0, 41.0, 49.0, 63.0, 51.0, 54.0, 59.0, 55.00000000000001, 56.00000000000001, 50.0, 48.0, 46.0], "8PSK": [15.0, 13.0, 18.0, 30.0, 37.0, 37.0, 49.0, 48.0, 50.0, 52.0, 47.0, 48.0, 52.0, 56.99999999999999, 53.0, 61.0, 66.0], "Barker": [32.0, 37.0, 55.00000000000001, 59.0, 71.0, 78.0, 86.0, 93.0, 97.0, 99.0, 100.0, 100.0, 100.0, 100.0, 100.0, 100.0, 100.0], "Huffman": [35.0, 59.0, 76.0, 93.0, 95.0, 97.0, 99.0, 100.0, 100.0, 99.0, 100.0, 100.0, 99.0, 100.0, 99.0, 100.0, 100.0], "Frank": [6.0, 8.0, 13.0, 26.0, 38.0, 56.99999999999999, 73.0, 88.0, 92.0, 98.0, 100.0, 100.0, 100.0, 100.0, 100.0, 100.0, 100.0], "P1": [3.0, 2.0, 3.0, 6.0, 15.0, 21.0, 33.0, 38.0, 48.0, 64.0, 74.0, 85.0, 93.0, 97.0, 98.0, 99.0, 100.0], "P2": [8.0, 13.0, 18.0, 28.000000000000004, 37.0, 56.00000000000001, 70.0, 72.0, 78.0, 78.0, 83.0, 87.0, 91.0, 97.0, 99.0, 100.0, 100.0], "P3": [18.0, 23.0, 40.0, 51.0, 64.0, 81.0, 86.0, 92.0, 97.0, 98.0, 99.0, 100.0, 100.0, 100.0, 100.0, 100.0, 100.0], "P4": [7.000000000000001, 9.0, 14.000000000000002, 25.0, 35.0, 51.0, 62.0, 73.0, 84.0, 94.0, 97.0, 99.0, 100.0, 100.0, 100.0, 100.0, 100.0], "Px": [31.0, 32.0, 31.0, 47.0, 63.0, 77.0, 88.0, 94.0, 97.0, 99.0, 100.0, 100.0, 100.0, 100.0, 100.0, 100.0, 100.0], "Zadoff-Chu": [16.0, 21.0, 35.0, 51.0, 69.0, 83.0, 94.0, 97.0, 100.0, 99.0, 100.0, 100.0, 100.0, 100.0, 100.0, 100.0, 100.0], "T1": [28.999999999999996, 44.0, 54.0, 72.0, 80.0, 92.0, 96.0, 98.0, 99.0, 99.0, 99.0, 100.0, 100.0, 100.0, 100.0, 100.0, 99.0], "T2": [44.0, 61.0, 82.0, 92.0, 97.0, 98.0, 99.0, 99.0, 100.0, 100.0, 99.0, 100.0, 100.0, 100.0, 100.0, 100.0, 100.0], "T3": [27.0, 41.0, 52.0, 70.0, 79.0, 87.0, 94.0, 97.0, 96.0, 97.0, 97.0, 98.0, 99.0, 97.0, 98.0, 99.0, 96.0], "T4": [35.0, 48.0, 59.0, 71.0, 83.0, 88.0, 91.0, 93.0, 96.0, 97.0, 96.0, 97.0, 98.0, 99.0, 98.0, 97.0, 99.0], "NM": [96.0, 100.0, 100.0, 100.0, 100.0, 100.0, 100.0, 100.0, 100.0, 100.0, 100.0, 100.0, 100.0, 100.0, 100.0, 100.0, 100.0], "ruido": [98.0, 97.0, 98.0, 98.0, 98.0, 98.0, 97.0, 99.0, 99.0, 98.0, 97.0, 96.0, 97.0, 99.0, 97.0, 98.0, 98.0]}