{"OOK": [4.0, 3.0, 4.0, 7.000000000000001, 16.0, 28.999999999999996, 52.0, 73.0, 87.0, 95.0, 100.0, 100.0, 100.0, 100.0, 100.0, 100.0, 100.0, 100.0, 100.0, 100.0, 100.0, 100.0, 100.0, 100.0, 100.0, 100.0], "4ASK": [3.0, 3.0, 4.0, 5.0, 7.000000000000001, 12.0, 17.0, 32.0, 44.0, 64.0, 75.0, 82.0, 90.0, 97.0, 99.0, 100.0, 100.0, 100.0, 100.0, 100.0, 100.0, 100.0, 100.0, 100.0, 100.0, 100.0], "8ASK": [2.0, 4.0, 4.0, 8.0, 12.0, 20.0, 28.999999999999996, 50.0, 70.0, 76.0, 75.0, 82.0, 95.0, 98.0, 100.0, 100.0, 100.0, 100.0, 100.0, 100.0, 100.0, 100.0, 100.0, 100.0, 100.0, 100.0], "BPSK": [11.0, 10.0, 9.0, 8.0, 11.0, 16.0, 43.0, 93.0, 100.0, 100.0, 100.0, 100.0, 100.0, 100.0, 100.0, 100.0, 100.0, 100.0, 100.0, 100.0, 100.0, 100.0, 100.0, 100.0, 100.0, 100.0], "QPSK": [3.0, 4.0, 6.0, 4.0, 4.0, 5.0, 7.000000000000001, 11.0, 18.0, 51.0, 96.0, 100.0, 100.0, 100.0, 100.0, 100.0, 100.0, 100.0, 100.0, 100.0, 100.0, 100.0, 100.0, 100.0, 100.0, 100.0], "8PSK": [3.0, 4.0, 4.0, 2.0, 3.0, 3.0, 2.0, 9.0, 9.0, 18.0, 36.0, 78.0, 100.0, 100.0, 100.0, 100.0, 100.0, 100.0, 100.0, 100.0, 100.0, 100.0, 100.0, 100.0, 100.0, 100.0], "16PSK": [2.0, 2.0, 2.0, 2.0, 1.0, 5.0, 4.0, 6.0, 8.0, 15.0, 24.0, 39.0, 54.0, 86.0, 100.0, 100.0, 100.0, 100.0, 100.0, 100.0, 100.0, 100.0, 100.0, 100.0, 100.0, 100.0], "32PSK": [4.0, 4.0, 2.0, 5.0, 4.0, 5.0, 7.000000000000001, 8.0, 6.0, 18.0, 42.0, 45.0, 63.0, 91.0, 99.0, 100.0, 100.0, 100.0, 100.0, 100.0, 100.0, 100.0, 100.0, 100.0, 100.0, 100.0], "16APSK": [2.0, 3.0, 2.0, 2.0, 3.0, 4.0, 3.0, 3.0, 8.0, 35.0, 74.0, 93.0, 100.0, 100.0, 100.0, 100.0, 100.0, 100.0, 100.0, 100.0, 100.0, 100.0, 100.0, 100.0, 100.0, 100.0], "32APSK": [7.000000000000001, 7.000000000000001, 6.0, 4.0, 4.0, 3.0, 3.0, 12.0, 20.0, 45.0, 67.0, 87.0, 99.0, 100.0, 100.0, 100.0, 100.0, 100.0, 100.0, 100.0, 100.0, 100.0, 100.0, 100.0, 100.0, 100.0], "64APSK": [4.0, 4.0, 2.0, 2.0, 2.0, 3.0, 1.0, 6.0, 4.0, 10.0, 12.0, 23.0, 59.0, 91.0, 99.0, 100.0, 100.0, 100.0, 100.0, 100.0, 100.0, 100.0, 100.0, 100.0, 100.0, 100.0], "128APSK": [8.0, 5.0, 5.0, 5.0, 6.0, 6.0, 5.0, 7.000000000000001, 10.0, 8.0, 18.0, 47.0, 69.0, 91.0, 98.0, 100.0, 100.0, 100.0, 100.0, 100.0, 100.0, 100.0, 100.0, 100.0, 100.0, 100.0], "16QAM": [1.0, 2.0, 2.0, 2.0, 3.0, 2.0, 3.0, 5.0, 3.0, 8.0, 26.0, 55.00000000000001, 97.0, 100.0, 100.0, 100.0, 100.0, 100.0, 100.0, 100.0, 100.0, 100.0, 100.0, 100.0, 100.0, 100.0], "32QAM": [1.0, 1.0, 2.0, 1.0, 2.0, 3.0, 2.0, 1.0, 5.0, 4.0, 16.0, 34.0, 70.0, 93.0, 99.0, 100.0, 100.0, 100.0, 100.0, 100.0, 100.0, 100.0, 100.0, 100.0, 100.0, 100.0], "64QAM": [3.0, 4.0, 2.0, 3.0, 4.0, 5.0, 5.0, 9.0, 7.000000000000001, 8.0, 13.0, 20.0, 40.0, 62.0, 78.0, 94.0, 99.0, 99.0, 100.0, 100.0, 100.0, 100.0, 99.0, 100.0, 100.0, 99.0], "128QAM": [5.0, 4.0, 5.0, 4.0, 5.0, 4.0, 4.0, 1.0, 2.0, 9.0, 10.0, 17.0, 51.0, 79.0, 92.0, 97.0, 98.0, 98.0, 98.0, 98.0, 98.0, 98.0, 99.0, 99.0, 98.0, 98.0], "256QAM": [3.0, 3.0, 4.0, 2.0, 3.0, 4.0, 4.0, 7.000000000000001, 11.0, 18.0, 24.0, 39.0, 48.0, 54.0, 83.0, 93.0, 96.0, 96.0, 96.0, 97.0, 98.0, 98.0, 97.0, 97.0, 98.0, 97.0], "AM-SSB-WC": [5.0, 5.0, 8.0, 12.0, 23.0, 23.0, 33.0, 54.0, 50.0, 61.0, 73.0, 85.0, 87.0, 89.0, 94.0, 89.0, 91.0, 91.0, 91.0, 93.0, 92.0, 91.0, 94.0, 91.0, 92.0, 94.0], "AM-SSB-SC": [4.0, 4.0, 6.0, 14.000000000000002, 19.0, 28.999999999999996, 33.0, 31.0, 48.0, 51.0, 64.0, 68.0, 68.0, 70.0, 68.0, 71.0, 73.0, 76.0, 69.0, 75.0, 75.0, 72.0, 73.0, 73.0, 73.0, 74.0], "AM-DSB-WC": [4.0, 5.0, 7.000000000000001, 11.0, 19.0, 36.0, 48.0, 54.0, 57.99999999999999, 63.0, 77.0, 89.0, 95.0, 98.0, 98.0, 99.0, 98.0, 98.0, 99.0, 98.0, 98.0, 100.0, 98.0, 99.0, 99.0, 98.0], "AM-DSB-SC": [5.0, 4.0, 7.000000000000001, 11.0, 24.0, 42.0, 50.0, 45.0, 45.0, 51.0, 72.0, 76.0, 86.0, 90.0, 92.0, 93.0, 93.0, 92.0, 90.0, 94.0, 91.0, 92.0, 92.0, 92.0, 91.0, 92.0], "FM": [12.0, 11.0, 14.000000000000002, 18.0, 32.0, 64.0, 92.0, 100.0, 100.0, 100.0, 100.0, 100.0, 100.0, 100.0, 100.0, 100.0, 100.0, 100.0, 100.0, 100.0, 100.0, 100.0, 100.0, 100.0, 100.0, 100.0], "GMSK": [10.0, 9.0, 12.0, 12.0, 11.0, 12.0, 19.0, 24.0, 71.0, 98.0, 100.0, 100.0, 100.0, 100.0, 100.0, 100.0, 100.0, 100.0, 100.0, 100.0, 100.0, 100.0, 100.0, 100.0, 100.0, 100.0], "OQPSK": [6.0, 4.0, 4.0, 4.0, 5.0, 7.000000000000001, 6.0, 14.000000000000002, 37.0, 81.0, 98.0, 100.0, 100.0, 100.0, 100.0, 100.0, 100.0, 100.0, 100.0, 100.0, 100.0, 100.0, 100.0, 100.0, 100.0, 100.0]}