{"-20": 0.04618603154168008, "-18": 0.045949017697678195, "-16": 0.05231533408107675, "-14": 0.06265216685602987, "-12": 0.09308145636554452, "-10": 0.14415954415954416, "-8": 0.1969215734180308, "-6": 0.2776155717761557, "-4": 0.34299596475335586, "-2": 0.45666203741524386, "0": 0.5747747747747748, "2": 0.6902288589514689, "4": 0.8218465539661899, "6": 0.9121971252566735, "8": 0.9583743035070469, "10": 0.9725614720729523, "12": 0.9784937510144457, "14": 0.9786494136676102, "16": 0.9754285714285714, "18": 0.9815178279358848, "20": 0.980172273687632, "22": 0.9789100861305643, "24": 0.9798340248962656, "26": 0.9796714912993982, "28": 0.9802253018883216, "30": 0.9804018040180402}