{"-8": 0.8123076923076923, "-6": 0.9153846153846154, "-4": 0.958974358974359, "-2": 0.9812820512820513, "0": 0.9935897435897436, "2": 0.9974358974358974, "4": 0.997948717948718, "6": 0.9989743589743589, "8": 0.9992307692307693, "10": 0.9984615384615385, "12": 0.9994871794871795, "14": 0.9982051282051282, "16": 0.9987179487179487, "18": 0.9982051282051282, "20": 0.9987179487179487}