{"-20": 0.18375, "-18": 0.2695, "-16": 0.46425, "-14": 0.74, "-12": 0.92775, "-10": 0.9905, "-8": 0.99925, "-6": 0.9995, "-4": 1.0, "-2": 1.0, "0": 1.0, "2": 1.0, "4": 1.0, "6": 1.0, "8": 1.0, "10": 1.0, "12": 1.0, "14": 1.0, "16": 1.0, "18": 1.0, "20": 1.0}