{"-20": 0.20875, "-18": 0.31975, "-16": 0.493, "-14": 0.70075, "-12": 0.86125, "-10": 0.95225, "-8": 0.987, "-6": 0.9975, "-4": 0.9995, "-2": 0.9995, "0": 0.99975, "2": 1.0, "4": 1.0, "6": 1.0, "8": 1.0, "10": 1.0, "12": 1.0, "14": 1.0, "16": 1.0, "18": 0.99975, "20": 1.0}