{"-20": 0.13425, "-18": 0.16725, "-16": 0.3005, "-14": 0.614, "-12": 0.8575, "-10": 0.94525, "-8": 0.985, "-6": 0.996, "-4": 0.9995, "-2": 1.0, "0": 0.99975, "2": 1.0, "4": 1.0, "6": 1.0, "8": 1.0, "10": 1.0, "12": 1.0, "14": 1.0, "16": 1.0, "18": 1.0, "20": 1.0}