{"LFM": [14.000000000000002, 20.0, 28.999999999999996, 60.0, 80.0, 93.0, 97.0, 99.0, 100.0, 100.0, 100.0, 100.0, 100.0, 100.0, 100.0, 100.0, 100.0, 100.0, 100.0, 100.0, 100.0], "BFSK": [10.0, 14.000000000000002, 34.0, 57.99999999999999, 88.0, 96.0, 99.0, 100.0, 100.0, 100.0, 100.0, 100.0, 100.0, 100.0, 100.0, 100.0, 100.0, 100.0, 100.0, 100.0, 100.0], "BPSK": [14.000000000000002, 32.0, 61.0, 83.0, 95.0, 98.0, 100.0, 100.0, 100.0, 100.0, 100.0, 100.0, 100.0, 100.0, 100.0, 100.0, 100.0, 100.0, 100.0, 100.0, 100.0], "NM": [28.999999999999996, 62.0, 85.0, 90.0, 97.0, 100.0, 100.0, 100.0, 100.0, 100.0, 100.0, 100.0, 100.0, 100.0, 100.0, 100.0, 100.0, 100.0, 100.0, 100.0, 100.0], "SFW": [16.0, 19.0, 33.0, 54.0, 74.0, 87.0, 96.0, 100.0, 100.0, 100.0, 100.0, 100.0, 100.0, 100.0, 100.0, 100.0, 100.0, 100.0, 100.0, 100.0, 100.0], "SIN": [14.000000000000002, 22.0, 37.0, 68.0, 82.0, 96.0, 98.0, 100.0, 100.0, 100.0, 100.0, 100.0, 100.0, 100.0, 100.0, 100.0, 100.0, 100.0, 100.0, 100.0, 100.0], "EXP": [56.00000000000001, 57.99999999999999, 64.0, 71.0, 83.0, 94.0, 100.0, 100.0, 100.0, 100.0, 100.0, 100.0, 100.0, 100.0, 100.0, 100.0, 100.0, 100.0, 100.0, 100.0, 100.0], "BASK": [13.0, 28.999999999999996, 52.0, 77.0, 89.0, 97.0, 100.0, 100.0, 100.0, 100.0, 100.0, 100.0, 100.0, 100.0, 100.0, 100.0, 100.0, 100.0, 100.0, 100.0, 100.0]}