{"-12": 0.3457391304347826, "-10": 0.49834782608695655, "-8": 0.6444347826086957, "-6": 0.7782608695652173, "-4": 0.8734782608695653, "-2": 0.9274782608695652, "0": 0.9592173913043478, "2": 0.9809565217391304, "4": 0.9905217391304347, "6": 0.995304347826087, "8": 0.9967826086956522, "10": 0.9961739130434782, "12": 0.9953913043478261, "14": 0.996, "16": 0.9970434782608696, "18": 0.9968695652173913, "20": 0.9962608695652174}