{"LFM": [83.0, 99.0, 100.0, 100.0, 100.0, 100.0, 100.0, 100.0, 100.0, 100.0, 100.0, 100.0, 100.0, 100.0, 100.0, 100.0, 100.0], "2FSK": [27.0, 54.0, 82.0, 93.0, 99.0, 99.0, 100.0, 100.0, 100.0, 100.0, 100.0, 100.0, 100.0, 99.0, 100.0, 100.0, 99.0], "4FSK": [16.0, 36.0, 59.0, 79.0, 91.0, 96.0, 97.0, 99.0, 99.0, 100.0, 99.0, 99.0, 100.0, 99.0, 100.0, 100.0, 99.0], "8FSK": [12.0, 27.0, 39.0, 60.0, 77.0, 95.0, 99.0, 99.0, 99.0, 99.0, 99.0, 100.0, 100.0, 100.0, 100.0, 100.0, 100.0], "Costas": [43.0, 55.00000000000001, 65.0, 77.0, 86.0, 95.0, 98.0, 99.0, 100.0, 100.0, 100.0, 100.0, 100.0, 100.0, 100.0, 100.0, 100.0], "2PSK": [23.0, 39.0, 63.0, 82.0, 95.0, 99.0, 100.0, 100.0, 100.0, 100.0, 100.0, 100.0, 100.0, 100.0, 100.0, 100.0, 100.0], "4PSK": [17.0, 23.0, 30.0, 47.0, 57.99999999999999, 61.0, 74.0, 90.0, 97.0, 100.0, 100.0, 100.0, 100.0, 100.0, 100.0, 100.0, 100.0], "8PSK": [15.0, 22.0, 38.0, 45.0, 56.99999999999999, 64.0, 81.0, 89.0, 95.0, 99.0, 99.0, 99.0, 98.0, 100.0, 100.0, 99.0, 100.0], "Barker": [37.0, 45.0, 59.0, 74.0, 86.0, 96.0, 98.0, 100.0, 100.0, 100.0, 100.0, 100.0, 100.0, 100.0, 100.0, 100.0, 100.0], "Huffman": [52.0, 76.0, 89.0, 97.0, 99.0, 100.0, 99.0, 100.0, 100.0, 100.0, 100.0, 100.0, 99.0, 100.0, 100.0, 100.0, 100.0], "Frank": [19.0, 33.0, 49.0, 64.0, 81.0, 91.0, 96.0, 99.0, 99.0, 100.0, 100.0, 100.0, 100.0, 100.0, 100.0, 100.0, 100.0], "P1": [13.0, 24.0, 37.0, 54.0, 69.0, 80.0, 88.0, 95.0, 97.0, 99.0, 99.0, 100.0, 100.0, 100.0, 100.0, 100.0, 100.0], "P2": [19.0, 31.0, 43.0, 68.0, 82.0, 90.0, 94.0, 97.0, 98.0, 98.0, 100.0, 100.0, 100.0, 100.0, 100.0, 100.0, 100.0], "P3": [19.0, 36.0, 48.0, 68.0, 83.0, 92.0, 95.0, 99.0, 100.0, 100.0, 100.0, 100.0, 100.0, 100.0, 100.0, 100.0, 100.0], "P4": [20.0, 32.0, 46.0, 65.0, 82.0, 88.0, 94.0, 98.0, 99.0, 100.0, 100.0, 100.0, 100.0, 100.0, 100.0, 100.0, 100.0], "Px": [31.0, 47.0, 68.0, 79.0, 93.0, 98.0, 99.0, 100.0, 100.0, 100.0, 100.0, 100.0, 100.0, 100.0, 100.0, 100.0, 100.0], "Zadoff-Chu": [30.0, 47.0, 63.0, 74.0, 91.0, 98.0, 99.0, 99.0, 100.0, 100.0, 100.0, 100.0, 100.0, 100.0, 100.0, 100.0, 100.0], "T1": [37.0, 56.99999999999999, 78.0, 93.0, 98.0, 99.0, 100.0, 100.0, 100.0, 100.0, 100.0, 100.0, 100.0, 100.0, 100.0, 100.0, 100.0], "T2": [44.0, 70.0, 89.0, 97.0, 99.0, 100.0, 100.0, 100.0, 100.0, 100.0, 100.0, 100.0, 100.0, 100.0, 100.0, 100.0, 100.0], "T3": [22.0, 48.0, 75.0, 91.0, 95.0, 97.0, 99.0, 98.0, 99.0, 98.0, 99.0, 99.0, 99.0, 99.0, 99.0, 99.0, 99.0], "T4": [35.0, 50.0, 70.0, 86.0, 93.0, 98.0, 99.0, 98.0, 99.0, 99.0, 99.0, 99.0, 98.0, 99.0, 98.0, 98.0, 99.0], "NM": [85.0, 99.0, 100.0, 100.0, 100.0, 100.0, 100.0, 100.0, 100.0, 100.0, 100.0, 100.0, 100.0, 100.0, 100.0, 100.0, 100.0], "ruido": [96.0, 97.0, 96.0, 97.0, 97.0, 97.0, 97.0, 96.0, 97.0, 98.0, 98.0, 98.0, 96.0, 96.0, 97.0, 98.0, 96.0]}