{"-12": 0.83375, "-10": 0.9491666666666667, "-8": 0.9816666666666667, "-6": 0.9933333333333333, "-4": 0.9979166666666667, "-2": 0.9995833333333334, "0": 1.0, "2": 0.9995833333333334, "4": 1.0, "6": 1.0, "8": 1.0, "10": 0.9995833333333334, "12": 0.9995833333333334, "14": 1.0, "16": 1.0, "18": 1.0, "20": 1.0}