{"-12": 0.20583333333333334, "-10": 0.26416666666666666, "-8": 0.31333333333333335, "-6": 0.3570833333333333, "-4": 0.40041666666666664, "-2": 0.4141666666666667, "0": 0.4404166666666667, "2": 0.45666666666666667, "4": 0.47, "6": 0.4579166666666667, "8": 0.4579166666666667, "10": 0.45666666666666667, "12": 0.45916666666666667, "14": 0.46125, "16": 0.46708333333333335, "18": 0.45125, "20": 0.45125}