{"-20": 0.14275, "-18": 0.144, "-16": 0.15825, "-14": 0.165, "-12": 0.21575, "-10": 0.26475, "-8": 0.31725, "-6": 0.36, "-4": 0.3995, "-2": 0.42775, "0": 0.44825, "2": 0.4395, "4": 0.45225, "6": 0.441, "8": 0.4465, "10": 0.44525, "12": 0.45475, "14": 0.4585, "16": 0.465, "18": 0.44625, "20": 0.46475}