{"-12": 0.4225, "-10": 0.6733333333333333, "-8": 0.8516666666666667, "-6": 0.93875, "-4": 0.9720833333333333, "-2": 0.9845833333333334, "0": 0.995, "2": 1.0, "4": 0.9995833333333334, "6": 0.9995833333333334, "8": 1.0, "10": 0.9995833333333334, "12": 0.9995833333333334, "14": 0.9995833333333334, "16": 1.0, "18": 1.0, "20": 0.99875}