{"-20": 0.14975, "-18": 0.15975, "-16": 0.20975, "-14": 0.26825, "-12": 0.4175, "-10": 0.667, "-8": 0.85525, "-6": 0.945, "-4": 0.97675, "-2": 0.98525, "0": 0.99275, "2": 0.99775, "4": 0.99875, "6": 0.99975, "8": 1.0, "10": 1.0, "12": 0.99975, "14": 1.0, "16": 1.0, "18": 1.0, "20": 0.99975}