{"-20": 0.14916666666666667, "-18": 0.16333333333333333, "-16": 0.19458333333333333, "-14": 0.2475, "-12": 0.3425, "-10": 0.51375, "-8": 0.6845833333333333, "-6": 0.8175, "-4": 0.8791666666666667, "-2": 0.92, "0": 0.9558333333333333, "2": 0.9658333333333333, "4": 0.9779166666666667, "6": 0.98375, "8": 0.9904166666666666, "10": 0.9920833333333333, "12": 0.9916666666666667, "14": 0.99125, "16": 0.9904166666666666, "18": 0.9925, "20": 0.9870833333333333}