{"-20": 0.17225, "-18": 0.1935, "-16": 0.30825, "-14": 0.49825, "-12": 0.72675, "-10": 0.89975, "-8": 0.97375, "-6": 0.997, "-4": 0.999, "-2": 0.99975, "0": 1.0, "2": 0.99975, "4": 0.9995, "6": 1.0, "8": 1.0, "10": 1.0, "12": 1.0, "14": 1.0, "16": 1.0, "18": 1.0, "20": 1.0}