{"-20": 0.17541666666666667, "-18": 0.25125, "-16": 0.40041666666666664, "-14": 0.6695833333333333, "-12": 0.9029166666666667, "-10": 0.9841666666666666, "-8": 0.9970833333333333, "-6": 1.0, "-4": 1.0, "-2": 1.0, "0": 1.0, "2": 1.0, "4": 1.0, "6": 1.0, "8": 1.0, "10": 1.0, "12": 1.0, "14": 1.0, "16": 1.0, "18": 1.0, "20": 1.0}