{"LFM": [63.0, 97.0, 100.0, 100.0, 100.0, 100.0, 100.0, 100.0, 100.0, 100.0, 100.0, 100.0, 100.0, 100.0, 100.0, 100.0, 100.0], "2FSK": [18.0, 23.0, 50.0, 75.0, 96.0, 98.0, 99.0, 100.0, 99.0, 98.0, 100.0, 99.0, 100.0, 99.0, 98.0, 99.0, 100.0], "4FSK": [8.0, 23.0, 44.0, 64.0, 80.0, 89.0, 98.0, 100.0, 100.0, 99.0, 99.0, 97.0, 100.0, 99.0, 99.0, 96.0, 98.0], "8FSK": [10.0, 18.0, 35.0, 50.0, 80.0, 94.0, 98.0, 100.0, 99.0, 100.0, 100.0, 100.0, 100.0, 99.0, 97.0, 98.0, 99.0], "Costas": [39.0, 38.0, 57.99999999999999, 66.0, 77.0, 92.0, 92.0, 100.0, 100.0, 99.0, 100.0, 100.0, 100.0, 100.0, 99.0, 100.0, 100.0], "2PSK": [10.0, 32.0, 41.0, 57.99999999999999, 73.0, 96.0, 94.0, 99.0, 99.0, 100.0, 100.0, 100.0, 100.0, 100.0, 96.0, 100.0, 100.0], "4PSK": [17.0, 18.0, 27.0, 33.0, 38.0, 57.99999999999999, 66.0, 74.0, 82.0, 92.0, 95.0, 97.0, 99.0, 100.0, 100.0, 100.0, 100.0], "8PSK": [12.0, 21.0, 27.0, 45.0, 44.0, 64.0, 60.0, 68.0, 91.0, 92.0, 100.0, 98.0, 96.0, 99.0, 98.0, 98.0, 97.0], "Barker": [27.0, 37.0, 44.0, 63.0, 76.0, 89.0, 93.0, 99.0, 99.0, 100.0, 100.0, 100.0, 100.0, 100.0, 100.0, 100.0, 100.0], "Huffman": [56.00000000000001, 79.0, 87.0, 88.0, 94.0, 98.0, 100.0, 99.0, 100.0, 100.0, 100.0, 100.0, 100.0, 100.0, 100.0, 99.0, 99.0], "Frank": [23.0, 28.000000000000004, 45.0, 46.0, 69.0, 83.0, 92.0, 98.0, 99.0, 100.0, 100.0, 100.0, 100.0, 100.0, 100.0, 100.0, 100.0], "P1": [10.0, 16.0, 24.0, 34.0, 48.0, 55.00000000000001, 69.0, 91.0, 94.0, 97.0, 100.0, 98.0, 100.0, 100.0, 100.0, 100.0, 100.0], "P2": [7.000000000000001, 14.000000000000002, 32.0, 40.0, 55.00000000000001, 84.0, 80.0, 86.0, 94.0, 97.0, 97.0, 100.0, 99.0, 99.0, 100.0, 100.0, 100.0], "P3": [24.0, 39.0, 49.0, 59.0, 77.0, 86.0, 95.0, 95.0, 93.0, 100.0, 100.0, 100.0, 100.0, 100.0, 100.0, 100.0, 100.0], "P4": [11.0, 20.0, 35.0, 56.99999999999999, 54.0, 75.0, 88.0, 92.0, 96.0, 100.0, 100.0, 99.0, 100.0, 100.0, 100.0, 100.0, 100.0], "Px": [28.000000000000004, 36.0, 48.0, 57.99999999999999, 77.0, 95.0, 95.0, 100.0, 100.0, 100.0, 100.0, 100.0, 100.0, 100.0, 100.0, 100.0, 100.0], "Zadoff-Chu": [17.0, 26.0, 50.0, 62.0, 80.0, 90.0, 95.0, 100.0, 100.0, 100.0, 100.0, 100.0, 100.0, 100.0, 100.0, 100.0, 100.0], "T1": [32.0, 40.0, 61.0, 78.0, 89.0, 93.0, 99.0, 98.0, 100.0, 100.0, 100.0, 99.0, 100.0, 99.0, 100.0, 100.0, 100.0], "T2": [36.0, 63.0, 80.0, 89.0, 92.0, 96.0, 99.0, 100.0, 100.0, 99.0, 100.0, 100.0, 100.0, 100.0, 100.0, 100.0, 99.0], "T3": [14.000000000000002, 22.0, 44.0, 71.0, 81.0, 94.0, 93.0, 98.0, 96.0, 97.0, 99.0, 96.0, 97.0, 98.0, 99.0, 100.0, 98.0], "T4": [32.0, 45.0, 55.00000000000001, 72.0, 89.0, 95.0, 93.0, 100.0, 98.0, 99.0, 99.0, 98.0, 98.0, 97.0, 98.0, 99.0, 98.0], "NM": [67.0, 94.0, 100.0, 99.0, 100.0, 100.0, 100.0, 100.0, 100.0, 100.0, 100.0, 100.0, 100.0, 100.0, 100.0, 100.0, 100.0], "ruido": [100.0, 99.0, 96.0, 99.0, 98.0, 100.0, 98.0, 99.0, 98.0, 99.0, 98.0, 96.0, 100.0, 97.0, 98.0, 97.0, 98.0]}