{"-20": 0.14208333333333334, "-18": 0.1975, "-16": 0.3025, "-14": 0.5254166666666666, "-12": 0.8016666666666666, "-10": 0.9433333333333334, "-8": 0.9875, "-6": 0.9970833333333333, "-4": 1.0, "-2": 0.9995833333333334, "0": 0.9995833333333334, "2": 1.0, "4": 1.0, "6": 1.0, "8": 1.0, "10": 1.0, "12": 1.0, "14": 1.0, "16": 1.0, "18": 0.9995833333333334, "20": 1.0}