{"-8": 0.6823076923076923, "-6": 0.8053846153846154, "-4": 0.872051282051282, "-2": 0.9212820512820513, "0": 0.9494871794871795, "2": 0.9723076923076923, "4": 0.9882051282051282, "6": 0.9935897435897436, "8": 0.997948717948718, "10": 0.9971794871794872, "12": 0.9984615384615385, "14": 0.9994871794871795, "16": 0.9974358974358974, "18": 0.9966666666666667, "20": 0.9982051282051282}