{"-12": 0.98375, "-10": 0.98875, "-8": 0.9875, "-6": 0.9895833333333334, "-4": 0.9841666666666666, "-2": 0.9904166666666666, "0": 0.9870833333333333, "2": 0.99, "4": 0.9908333333333333, "6": 0.9875, "8": 0.99125, "10": 0.9879166666666667, "12": 0.9870833333333333, "14": 0.9875, "16": 0.9895833333333334, "18": 0.9875, "20": 0.9870833333333333}