{"-12": 0.3572173913043478, "-10": 0.48782608695652174, "-8": 0.5977391304347827, "-6": 0.7098260869565217, "-4": 0.8053913043478261, "-2": 0.8722608695652174, "0": 0.9112173913043479, "2": 0.9462608695652174, "4": 0.9617391304347827, "6": 0.9723478260869565, "8": 0.9809565217391304, "10": 0.9860869565217392, "12": 0.9879130434782609, "14": 0.9881739130434782, "16": 0.9878260869565217, "18": 0.9892173913043478, "20": 0.9887826086956522}