{"LFM": [57.99999999999999, 89.0, 99.0, 100.0, 100.0, 100.0, 100.0, 100.0, 100.0, 100.0, 100.0, 100.0, 100.0, 100.0, 100.0, 100.0, 100.0], "2FSK": [19.0, 46.0, 62.0, 79.0, 89.0, 95.0, 98.0, 98.0, 98.0, 100.0, 99.0, 99.0, 98.0, 98.0, 99.0, 99.0, 99.0], "4FSK": [18.0, 30.0, 43.0, 61.0, 76.0, 87.0, 90.0, 94.0, 97.0, 98.0, 96.0, 97.0, 97.0, 98.0, 98.0, 97.0, 97.0], "8FSK": [13.0, 22.0, 41.0, 55.00000000000001, 81.0, 96.0, 98.0, 99.0, 99.0, 98.0, 98.0, 100.0, 100.0, 99.0, 99.0, 98.0, 99.0], "Costas": [79.0, 78.0, 81.0, 87.0, 91.0, 96.0, 98.0, 99.0, 99.0, 100.0, 100.0, 100.0, 100.0, 100.0, 100.0, 100.0, 100.0], "2PSK": [14.000000000000002, 24.0, 39.0, 55.00000000000001, 77.0, 91.0, 97.0, 99.0, 100.0, 99.0, 100.0, 100.0, 100.0, 100.0, 100.0, 100.0, 100.0], "4PSK": [11.0, 20.0, 30.0, 37.0, 39.0, 50.0, 56.00000000000001, 67.0, 75.0, 82.0, 90.0, 94.0, 96.0, 97.0, 97.0, 98.0, 97.0], "8PSK": [10.0, 25.0, 34.0, 40.0, 45.0, 52.0, 61.0, 72.0, 81.0, 85.0, 91.0, 94.0, 94.0, 94.0, 96.0, 97.0, 95.0], "Barker": [83.0, 86.0, 86.0, 93.0, 95.0, 98.0, 99.0, 99.0, 100.0, 100.0, 100.0, 100.0, 100.0, 100.0, 100.0, 100.0, 100.0], "Huffman": [50.0, 73.0, 88.0, 97.0, 99.0, 99.0, 99.0, 100.0, 100.0, 100.0, 100.0, 100.0, 99.0, 100.0, 99.0, 99.0, 100.0], "Frank": [17.0, 28.999999999999996, 42.0, 54.0, 70.0, 81.0, 91.0, 95.0, 99.0, 99.0, 100.0, 100.0, 100.0, 100.0, 100.0, 100.0, 100.0], "P1": [14.000000000000002, 21.0, 37.0, 50.0, 64.0, 72.0, 81.0, 91.0, 94.0, 97.0, 98.0, 100.0, 100.0, 100.0, 100.0, 100.0, 100.0], "P2": [40.0, 56.00000000000001, 60.0, 69.0, 78.0, 84.0, 88.0, 94.0, 96.0, 96.0, 98.0, 99.0, 100.0, 100.0, 100.0, 100.0, 100.0], "P3": [19.0, 35.0, 43.0, 59.0, 72.0, 81.0, 89.0, 94.0, 97.0, 100.0, 100.0, 100.0, 100.0, 100.0, 100.0, 100.0, 100.0], "P4": [13.0, 14.000000000000002, 27.0, 45.0, 56.00000000000001, 67.0, 79.0, 89.0, 91.0, 96.0, 98.0, 98.0, 100.0, 100.0, 99.0, 100.0, 100.0], "Px": [50.0, 56.99999999999999, 71.0, 80.0, 92.0, 96.0, 99.0, 100.0, 100.0, 100.0, 100.0, 100.0, 100.0, 100.0, 100.0, 100.0, 100.0], "Zadoff-Chu": [24.0, 35.0, 48.0, 64.0, 81.0, 94.0, 97.0, 99.0, 100.0, 100.0, 100.0, 100.0, 100.0, 100.0, 100.0, 100.0, 100.0], "T1": [41.0, 56.99999999999999, 68.0, 83.0, 91.0, 96.0, 97.0, 99.0, 100.0, 98.0, 99.0, 99.0, 99.0, 99.0, 98.0, 98.0, 98.0], "T2": [45.0, 63.0, 83.0, 93.0, 98.0, 100.0, 99.0, 100.0, 100.0, 100.0, 100.0, 99.0, 100.0, 99.0, 100.0, 99.0, 99.0], "T3": [22.0, 32.0, 52.0, 72.0, 84.0, 89.0, 94.0, 96.0, 96.0, 97.0, 96.0, 96.0, 97.0, 96.0, 96.0, 97.0, 97.0], "T4": [26.0, 40.0, 49.0, 65.0, 79.0, 90.0, 93.0, 96.0, 98.0, 97.0, 98.0, 99.0, 99.0, 99.0, 98.0, 98.0, 99.0], "NM": [61.0, 93.0, 99.0, 100.0, 100.0, 100.0, 100.0, 100.0, 100.0, 100.0, 100.0, 100.0, 100.0, 100.0, 100.0, 100.0, 100.0], "ruido": [94.0, 95.0, 93.0, 94.0, 95.0, 93.0, 93.0, 95.0, 93.0, 94.0, 95.0, 94.0, 94.0, 96.0, 92.0, 95.0, 94.0]}