{"-20": 0.13291666666666666, "-18": 0.16833333333333333, "-16": 0.28208333333333335, "-14": 0.5970833333333333, "-12": 0.8595833333333334, "-10": 0.9533333333333334, "-8": 0.9816666666666667, "-6": 0.9970833333333333, "-4": 0.99875, "-2": 1.0, "0": 1.0, "2": 1.0, "4": 1.0, "6": 1.0, "8": 1.0, "10": 1.0, "12": 1.0, "14": 1.0, "16": 1.0, "18": 1.0, "20": 1.0}