{"-12": 0.8683333333333333, "-10": 0.9520833333333333, "-8": 0.9854166666666667, "-6": 0.9983333333333333, "-4": 0.9991666666666666, "-2": 0.99875, "0": 1.0, "2": 1.0, "4": 1.0, "6": 1.0, "8": 1.0, "10": 1.0, "12": 1.0, "14": 1.0, "16": 1.0, "18": 1.0, "20": 1.0}